gpu_type,model_name,num_servers,is_prefix_cached,sweep_type,sweep_value,requests_per_server,total_prompt_length,max_concurrency,num_groups,prompts_per_group,system_prompt_len,question_len,output_len,duration,completed,request_throughput,input_throughput,output_throughput,mean_ttft_ms,median_ttft_ms,std_ttft_ms,p99_ttft_ms,mean_tpot_ms,median_tpot_ms,std_tpot_ms,p99_tpot_ms,mean_itl_ms,median_itl_ms,std_itl_ms,p99_itl_ms,mean_e2e_latency_ms,median_e2e_latency_ms
L4,Qwen/Qwen2.5-1.5B-Instruct,1,True,prefix_reuse_rate,0.002,512,102464,32,512,1,1024,64,16,40.422,512,12.6664,14516.8807,202.662,1847.2435,2180.182,674.5082,2425.9915,44.9443,21.6347,44.8315,143.4041,44.9878,21.0315,194.7011,1622.1158,2521.4076,2511.2487
L4,Qwen/Qwen2.5-1.5B-Instruct,1,True,prefix_reuse_rate,0.0039,512,102464,32,256,2,1024,64,16,25.1439,512,20.3628,23351.1815,325.8045,798.7279,486.5719,726.277,2120.2419,50.4883,41.8302,27.9265,125.5217,50.6023,21.3976,127.3569,645.352,1556.0518,1531.8285
L4,Qwen/Qwen2.5-1.5B-Instruct,1,True,prefix_reuse_rate,0.0078,512,102464,32,128,4,1024,64,16,18.5935,512,27.5365,31518.8252,440.5843,646.1049,446.4415,580.3818,2063.2238,33.5765,27.6697,19.7783,124.7585,33.6185,21.0071,91.1823,247.3417,1149.7525,893.6494
L4,Qwen/Qwen2.5-1.5B-Instruct,1,True,prefix_reuse_rate,0.0156,512,102464,32,64,8,1024,64,16,14.6378,512,34.978,40115.4918,559.6484,309.9016,101.8739,491.3557,1957.6315,39.4624,37.7164,11.8892,110.1843,39.6206,22.8834,63.4035,245.3405,901.8372,661.3541
L4,Qwen/Qwen2.5-1.5B-Instruct,1,True,prefix_reuse_rate,0.0312,512,102464,32,32,16,1024,64,16,12.8514,512,39.8401,45798.5044,637.4423,269.8688,139.9493,365.2522,1620.5253,34.8909,34.6431,9.6158,96.7892,34.9704,20.6963,49.6048,173.7392,793.2319,664.3533
L4,Qwen/Qwen2.5-1.5B-Instruct,1,True,prefix_reuse_rate,0.0625,512,102464,32,16,32,1024,64,16,11.9835,512,42.7255,48940.2289,683.6081,339.9691,335.7001,280.8935,1401.0579,26.1651,26.6163,8.0995,78.9497,26.1028,19.6579,39.953,204.6695,732.4458,742.6285
L4,Qwen/Qwen2.5-1.5B-Instruct,1,True,prefix_reuse_rate,0.125,512,102464,32,8,64,1024,64,16,12.3215,512,41.5533,47508.3533,664.852,471.9353,513.8172,240.3196,1310.4603,18.5852,21.093,9.726,70.0749,18.5966,18.9814,26.3504,58.182,750.7138,842.7535
L4,Qwen/Qwen2.5-1.5B-Instruct,1,True,prefix_reuse_rate,0.25,512,102464,32,4,128,1024,64,16,11.5708,512,44.2492,50773.4408,707.9871,413.6927,485.8061,178.0031,783.7217,19.3671,21.1765,7.4582,33.5328,19.2877,18.9429,19.3784,79.6443,704.1998,810.0691
L4,Qwen/Qwen2.5-1.5B-Instruct,1,True,prefix_reuse_rate,0.5,512,102464,32,2,256,1024,64,16,11.2921,512,45.3413,51931.9556,725.4615,429.3935,504.4753,142.0308,575.2242,17.1409,20.707,7.7378,26.0021,17.0044,18.7423,10.091,51.3764,686.5073,827.3571
L4,Qwen/Qwen2.5-1.5B-Instruct,1,True,prefix_reuse_rate,1.0,512,102464,32,1,512,1024,64,16,11.4348,512,44.7757,51327.3593,716.4109,438.5017,506.0825,148.1514,623.8708,17.1101,20.7056,7.7252,25.6322,17.0848,18.7008,10.2307,54.6752,695.1535,827.09
L4,Qwen/Qwen2.5-1.5B-Instruct,4,True,prefix_reuse_rate,0.002,512,102464,32,512,1,1024,64,16,41.0243,2048,49.9216,57205.1465,798.7461,1511.7171,1433.7851,928.389,4281.274,67.7928,58.24,46.8356,235.9508,67.7381,20.466,201.8512,998.5101,2528.6093,2352.8247
L4,Qwen/Qwen2.5-1.5B-Instruct,4,True,prefix_reuse_rate,0.0039,512,102464,32,256,2,1024,64,16,34.5127,2048,59.3405,68020.4405,949.4476,1183.8291,1038.1968,917.2555,4193.9437,60.5085,48.8849,37.3906,179.6605,60.324,20.543,136.5012,704.2674,2091.457,1823.6478
L4,Qwen/Qwen2.5-1.5B-Instruct,4,True,prefix_reuse_rate,0.0078,512,102464,32,128,4,1024,64,16,31.5372,2048,64.9392,74375.8496,1039.0274,1216.8457,1004.1876,923.2104,4238.1462,48.3268,42.9369,26.6773,130.0052,48.3046,19.8009,108.8371,543.6623,1941.7472,1744.4678
L4,Qwen/Qwen2.5-1.5B-Instruct,4,True,prefix_reuse_rate,0.0156,512,102464,32,64,8,1024,64,16,29.726,2048,68.8959,78956.7887,1102.334,1180.536,942.8211,988.9274,4637.4105,42.613,37.8428,25.2429,111.616,42.2372,17.9518,89.5793,406.4456,1819.7314,1698.5561
L4,Qwen/Qwen2.5-1.5B-Instruct,4,True,prefix_reuse_rate,0.0312,512,102464,32,32,16,1024,64,16,28.9237,2048,70.807,81238.8909,1132.9114,1202.5665,1068.7125,900.6684,4490.7474,37.9211,33.8574,23.5737,100.2724,37.391,2.7498,85.7528,444.9552,1771.3827,1605.6419
L4,Qwen/Qwen2.5-1.5B-Instruct,4,True,prefix_reuse_rate,0.0625,512,102464,32,16,32,1024,64,16,29.8364,2048,68.6411,78684.1794,1098.2571,1277.994,1138.6422,892.4401,4369.9939,36.8754,35.7832,22.5547,99.5995,36.839,0.0126,88.2341,418.4794,1831.1243,1746.3532
L4,Qwen/Qwen2.5-1.5B-Instruct,4,True,prefix_reuse_rate,0.125,512,102464,32,8,64,1024,64,16,31.5641,2048,64.8838,74113.3802,1038.1411,1395.0224,1308.5551,888.3103,4407.9759,36.5456,31.6467,24.3221,94.3177,35.5566,11.4147,80.1368,390.0633,1943.2067,1766.5723
L4,Qwen/Qwen2.5-1.5B-Instruct,4,True,prefix_reuse_rate,0.25,512,102464,32,4,128,1024,64,16,29.749,2048,68.8427,79227.586,1101.4826,1213.3047,1061.9598,800.3719,4075.4447,40.3024,36.814,25.9287,118.1564,39.7157,0.0147,93.7699,457.1321,1817.8408,1681.8886
L4,Qwen/Qwen2.5-1.5B-Instruct,4,True,prefix_reuse_rate,0.5,512,102464,32,2,256,1024,64,16,30.1132,2048,68.0101,77961.8976,1088.1612,1303.1226,1281.8751,720.8532,3271.6287,35.7465,33.4787,22.417,93.613,35.1318,0.012,85.8122,423.1709,1839.3208,1837.1969
L4,Qwen/Qwen2.5-1.5B-Instruct,4,True,prefix_reuse_rate,1.0,512,102464,32,1,512,1024,64,16,30.3631,2048,67.4504,76981.3911,1079.2059,1383.7634,1359.8316,698.2279,2912.4757,32.2839,25.3883,24.5642,96.1626,31.9162,0.0094,85.4767,417.6809,1868.0221,1876.4641
L4,Qwen/Qwen2.5-1.5B-Instruct,4,True,prefix_length_ratio,0.0,512,01088,32,32,16,0,1088,16,50.1056,2048,40.8737,46845.711,653.9786,1918.2447,1867.118,936.9867,4433.9312,77.8226,66.4241,51.1373,227.8082,78.0343,21.2821,235.8012,1361.2488,3085.5836,2980.6087
L4,Qwen/Qwen2.5-1.5B-Instruct,4,True,prefix_length_ratio,0.1111,512,120968,32,32,16,120,968,16,47.8466,2048,42.8035,49021.2815,684.8552,1853.9028,1699.6541,1014.7822,4653.1618,72.5699,64.7129,46.4058,209.3894,72.5336,21.1327,214.2619,1306.2921,2942.4509,2858.1126
L4,Qwen/Qwen2.5-1.5B-Instruct,4,True,prefix_length_ratio,0.2222,512,241847,32,32,16,241,847,16,47.9148,2048,42.7426,49032.7452,683.8812,1989.2391,1743.5036,1102.8709,4555.7346,64.0422,49.7389,41.3295,177.6714,63.7405,20.932,182.3284,1123.9733,2949.8718,2744.0234
L4,Qwen/Qwen2.5-1.5B-Instruct,4,True,prefix_length_ratio,0.3333,512,362726,32,32,16,362,726,16,44.2732,2048,46.2583,52983.2646,740.1323,1863.0537,1707.8124,1014.0742,4507.7417,57.9465,48.6657,34.5531,162.2342,57.733,20.8165,150.0728,831.476,2732.2514,2625.0507
L4,Qwen/Qwen2.5-1.5B-Instruct,4,True,prefix_length_ratio,0.4444,512,483605,32,32,16,483,605,16,41.0751,2048,49.8599,57088.0887,797.7589,1601.303,1279.2532,1099.7359,4641.4943,61.4923,52.4629,37.4123,164.7517,61.6415,20.6144,151.295,794.5146,2523.6877,2376.8202
L4,Qwen/Qwen2.5-1.5B-Instruct,4,True,prefix_length_ratio,0.5556,512,604484,32,32,16,604,484,16,37.2875,2048,54.9245,62979.215,878.7922,1427.7898,1250.3163,1014.7855,4606.2935,54.6697,47.676,30.1521,144.3522,54.6979,20.6824,125.7003,647.0055,2247.8346,2050.8992
L4,Qwen/Qwen2.5-1.5B-Instruct,4,True,prefix_length_ratio,0.6667,512,725363,32,32,16,725,363,16,35.3989,2048,57.855,66342.9926,925.6796,1391.5878,1266.0967,1067.3866,4693.3871,52.3768,47.4421,28.274,135.2773,52.4692,20.2342,102.4462,494.7215,2177.2392,2144.0921
L4,Qwen/Qwen2.5-1.5B-Instruct,4,True,prefix_length_ratio,0.7778,512,846242,32,32,16,846,242,16,33.045,2048,61.9761,70983.9547,991.6182,1356.3146,1227.0027,1046.7699,4756.9385,44.7155,40.668,25.1778,122.3544,44.6503,19.7747,95.6102,458.5829,2027.0475,1911.2481
L4,Qwen/Qwen2.5-1.5B-Instruct,4,True,prefix_length_ratio,0.8889,512,967121,32,32,16,967,121,16,31.1388,2048,65.77,75476.0945,1052.3201,1296.9611,1134.5021,959.9967,4638.4851,39.057,34.4562,22.2864,102.0314,38.7236,10.7146,86.7378,425.7115,1882.8154,1751.1825
L4,Qwen/Qwen2.5-1.5B-Instruct,4,True,prefix_length_ratio,1.0,512,10880,32,32,16,1088,0,16,28.2914,2048,72.3894,82901.6796,1158.2301,1153.1227,1039.0464,859.1024,4357.9991,38.4838,34.6628,22.9448,92.8579,37.9822,0.0233,84.2643,383.2107,1730.3798,1635.3152
