gpu_type,model_name,is_prefix_cached,sweep_type,sweep_value,num_groups,prompts_per_group,system_prompt_len,question_len,output_len,duration,completed,total_input_tokens,total_output_tokens,total_output_tokens_retokenized,output_throughput,median_ttft_ms,median_itl_ms,mean_e2e_latency_ms,median_e2e_latency_ms
L4,Qwen/Qwen2.5-1.5B-Instruct,True,prefix_reuse_rate,0.0,128,1,482,30,16,4.831445100000565,128,69328,2048,2048,423.8897384966168,2810.992663500656,34.095488001185004,4817.7419780466835,4817.515370499677
L4,Qwen/Qwen2.5-1.5B-Instruct,True,prefix_reuse_rate,0.1,9,13,482,30,16,3.4126468999966164,117,63459,1872,1857,548.5478148946075,2510.9333410000545,28.740344001562335,3400.1550291025674,3399.589289998403
L4,Qwen/Qwen2.5-1.5B-Instruct,True,prefix_reuse_rate,0.2,4,26,482,30,16,2.870796387000155,104,56198,1664,1659,579.6301010880122,2464.1756094988523,24.645175002660835,2823.334852509456,2857.881545498458
L4,Qwen/Qwen2.5-1.5B-Instruct,True,prefix_reuse_rate,0.3,3,38,482,30,16,2.88799471600214,114,61091,1824,1822,631.5801029321026,2400.833296000201,26.523114498559153,2828.6431287019295,2872.693387500476
L4,Qwen/Qwen2.5-1.5B-Instruct,True,prefix_reuse_rate,0.4,2,51,482,30,16,1.1224580519992742,102,55202,1632,1632,1453.9518845208972,713.6416244975408,26.173258000198985,1085.5344519017058,1110.3029040004913
L4,Qwen/Qwen2.5-1.5B-Instruct,True,prefix_reuse_rate,0.5,2,64,482,30,16,2.9908609810008784,128,68807,2048,2047,684.7526558438185,2503.720770497239,27.21641800235375,2914.4264380078366,2973.772483499488
L4,Qwen/Qwen2.5-1.5B-Instruct,True,prefix_reuse_rate,0.6,1,77,482,30,16,0.9055267509975238,77,41081,1232,1232,1360.5340743858035,557.3338040012459,22.104373001639033,853.1917659741091,895.0402830014355
L4,Qwen/Qwen2.5-1.5B-Instruct,True,prefix_reuse_rate,0.7,1,90,482,30,16,1.0283052020022296,90,48478,1440,1438,1400.3624577568535,654.8168245008128,22.661633000097936,969.6518686000168,1016.5243324991025
L4,Qwen/Qwen2.5-1.5B-Instruct,True,prefix_reuse_rate,0.8,1,102,482,30,16,1.0777876469983312,102,55032,1632,1632,1514.212938462568,672.1041265027452,24.11643950108555,1028.0238256669404,1064.4219075020374
L4,Qwen/Qwen2.5-1.5B-Instruct,True,prefix_reuse_rate,0.9,1,115,482,30,16,1.560427205000451,115,64909,1840,1808,1179.1642661084393,784.8652280008537,25.805725001191604,1428.6992805651528,1545.0653579973732
L4,Qwen/Qwen2.5-1.5B-Instruct,True,prefix_reuse_rate,1.0,1,128,482,30,16,1.264244575999328,128,68133,2048,2048,1619.9397164754685,706.457953001518,26.988413999788463,1187.4182328592724,1247.2826515004272
gpu_type,model_name,is_prefix_cached,sweep_type,sweep_value,num_groups,prompts_per_group,system_prompt_len,question_len,output_len,duration,completed,total_input_tokens,total_output_tokens,total_output_tokens_retokenized,output_throughput,median_ttft_ms,median_itl_ms,mean_e2e_latency_ms,median_e2e_latency_ms
L4,Qwen/Qwen2.5-1.5B-Instruct,True,prefix_length_ratio,0.0,8,16,0,512,16,4.871924391001812,128,69018,2048,2032,420.36777167202104,2847.589369499474,34.1017094997369,4858.188999578089,4857.83411850025
L4,Qwen/Qwen2.5-1.5B-Instruct,True,prefix_length_ratio,0.1,8,16,51,461,16,4.704751689998375,128,69110,2048,2048,435.30458883807904,2741.1689144992124,33.657402000244474,4691.225153414109,4690.797062499769
L4,Qwen/Qwen2.5-1.5B-Instruct,True,prefix_length_ratio,0.2,8,16,102,410,16,4.642061751001165,128,69107,2048,2048,441.1832736947764,2797.127908499533,31.024264000734547,4569.470771695478,4626.250511500984
L4,Qwen/Qwen2.5-1.5B-Instruct,True,prefix_length_ratio,0.3,8,16,154,358,16,4.589531038000132,128,69261,2048,2046,446.2329556207571,2804.90281099992,30.27082100015832,4084.7600505782966,4573.865213000317
L4,Qwen/Qwen2.5-1.5B-Instruct,True,prefix_length_ratio,0.4,8,16,205,307,16,4.029266658002598,128,69034,2048,2048,508.2810778811154,2876.927817000251,32.28467349981656,4013.8537655858217,4013.7945114984177
L4,Qwen/Qwen2.5-1.5B-Instruct,True,prefix_length_ratio,0.5,8,16,256,256,16,3.8948000259988476,128,68853,2048,2029,525.8293073659864,2592.3064354992675,31.46279499924276,3881.5226556173175,3880.9231470004306
L4,Qwen/Qwen2.5-1.5B-Instruct,True,prefix_length_ratio,0.6,8,16,307,205,16,3.91093454699876,128,69092,2048,2046,523.6600038657331,3394.208633000744,28.90926400141325,3500.6210594064555,3895.9169375011697
L4,Qwen/Qwen2.5-1.5B-Instruct,True,prefix_length_ratio,0.7,8,16,358,154,16,3.8844576330011478,128,69290,2048,2031,527.229331220098,2660.1207809999323,28.315219999058172,3456.8714480780327,3869.679133997124
L4,Qwen/Qwen2.5-1.5B-Instruct,True,prefix_length_ratio,0.8,8,16,410,102,16,3.30180600300082,128,69581,2048,2046,620.2666050454483,2702.0855709997704,29.91593999831821,3287.6226440860137,3287.3115990005317
L4,Qwen/Qwen2.5-1.5B-Instruct,True,prefix_length_ratio,0.9,8,16,461,51,16,3.2775327319977805,128,69121,2048,2045,624.8602737070657,2749.761036498967,29.24680600335705,3258.6354196249376,3262.327259499216
L4,Qwen/Qwen2.5-1.5B-Instruct,True,prefix_length_ratio,1.0,8,16,512,0,16,3.961989330000506,128,68816,2048,2048,516.9120432739122,2505.178755000088,25.09236349942512,3462.0736810469452,3944.5799575005367
gpu_type,model_name,is_prefix_cached,sweep_type,sweep_value,num_groups,prompts_per_group,system_prompt_len,question_len,output_len,duration,completed,total_input_tokens,total_output_tokens,total_output_tokens_retokenized,output_throughput,median_ttft_ms,median_itl_ms,mean_e2e_latency_ms,median_e2e_latency_ms
L4,Qwen/Qwen2.5-1.5B-Instruct,True,prefix_length_ratio,0.0,64,16,0,2176,256,272.75096475199825,1024,2346450,262144,261884,961.1111742110876,127858.60178849907,100.21755200068583,164668.95341127642,180677.02687850033
L4,Qwen/Qwen2.5-1.5B-Instruct,True,prefix_length_ratio,0.1,64,16,218,1958,256,263.2857518919991,1024,2347247,262144,261489,995.6634497545183,129471.46524799973,103.14702500181738,163118.09782332915,190683.2395924994
L4,Qwen/Qwen2.5-1.5B-Instruct,True,prefix_length_ratio,0.2,64,16,435,1741,256,243.24362260199996,1024,2347148,262144,261834,1077.7014303430483,108127.51262399979,100.7019485005003,153959.12728419428,151530.86835850083
L4,Qwen/Qwen2.5-1.5B-Instruct,True,prefix_length_ratio,0.3,64,16,653,1523,256,283.5587176759982,1024,2347717,262144,261999,924.4787187235512,152595.1626064998,95.74062800311367,198838.61398797462,193226.79978149972
L4,Qwen/Qwen2.5-1.5B-Instruct,True,prefix_length_ratio,0.4,64,16,870,1306,256,1075.5460001329993,1024,2347084,262144,262137,243.731090969223,948773.6905589991,90.38444699945103,997250.1586821153,972418.604595001
L4,Qwen/Qwen2.5-1.5B-Instruct,True,prefix_length_ratio,0.5,64,16,1088,1088,256,251.10188782399928,1024,2346699,262144,262095,1043.9746282741621,131186.78905500018,86.24878699993133,177676.30120080564,153767.95871049946
L4,Qwen/Qwen2.5-1.5B-Instruct,True,prefix_length_ratio,0.6,64,16,1306,870,256,174.35020759599865,1024,2344663,262144,261876,1503.5485395430997,70110.53633400115,81.94674299920734,116240.22847752826,115506.23429900043
L4,Qwen/Qwen2.5-1.5B-Instruct,True,prefix_length_ratio,0.7,64,16,1523,653,256,160.24591571800192,1024,2347735,262144,261879,1635.8856874787161,66844.41804750168,78.06947849894641,106108.22174950685,102833.53209900088
L4,Qwen/Qwen2.5-1.5B-Instruct,True,prefix_length_ratio,0.8,64,16,1741,435,256,140.0645845049985,1024,2346571,262144,262135,1871.5937431752768,55432.1475225006,73.41805200121598,91727.70584208885,87050.90509399997
L4,Qwen/Qwen2.5-1.5B-Instruct,True,prefix_length_ratio,0.9,64,16,1958,218,256,229.38842386399847,1024,2345133,262144,261876,1142.7952447828052,159597.28072099824,69.03870700261905,188735.29924282612,187043.85917450054
L4,Qwen/Qwen2.5-1.5B-Instruct,True,prefix_length_ratio,1.0,64,16,2176,0,256,393.93551677199866,1024,2344864,262144,262144,665.449010914452,328073.43784749904,63.06915800087154,349906.44677283213,349580.4086090011
gpu_type,model_name,is_prefix_cached,sweep_type,sweep_value,num_groups,prompts_per_group,system_prompt_len,question_len,output_len,duration,completed,total_input_tokens,total_output_tokens,total_output_tokens_retokenized,output_throughput,median_ttft_ms,median_itl_ms,mean_e2e_latency_ms,median_e2e_latency_ms
L4,Qwen/Qwen2.5-1.5B-Instruct,True,prefix_reuse_rate,0.001,1024,1,2048,128,256,289.78409038399695,1024,2346369,262144,262133,904.618330332177,145802.387786498,100.03341999981785,180821.6018432294,199230.49285949674
L4,Qwen/Qwen2.5-1.5B-Instruct,True,prefix_reuse_rate,0.0021,512,2,2048,128,256,214.80167616299877,1024,2346589,262144,262137,1220.4001601974292,94918.79288049677,86.44236299733166,137134.39132244134,132853.02689750097
L4,Qwen/Qwen2.5-1.5B-Instruct,True,prefix_reuse_rate,0.0046,204,5,2048,128,256,157.0768675779982,1020,2339449,261120,261110,1662.3708126235588,64911.87809999974,102.1519409987377,107371.62027505983,91957.47551300155
L4,Qwen/Qwen2.5-1.5B-Instruct,True,prefix_reuse_rate,0.0098,102,10,2048,128,256,131.6958841020023,1020,2336482,261120,261103,1982.7498921511847,51826.138882501255,93.21818750322564,89542.35961039708,76459.2842524944
L4,Qwen/Qwen2.5-1.5B-Instruct,True,prefix_reuse_rate,0.0213,46,22,2048,128,256,104.16124288700667,1012,2317493,259072,258804,2487.220705315886,41137.92131800437,76.13842499995371,69479.33361958596,63598.79435249968
L4,Qwen/Qwen2.5-1.5B-Instruct,True,prefix_reuse_rate,0.0459,21,47,2048,128,256,93.54403711399937,987,2254926,252672,252152,2701.102152476871,38916.09473599965,69.45795199862914,61065.56192761898,59148.64637500432
L4,Qwen/Qwen2.5-1.5B-Instruct,True,prefix_reuse_rate,0.0992,10,102,2048,128,256,360.04112574499595,1020,2331169,261120,260338,725.2504820378265,308896.7912299995,65.99202800134663,326877.204809601,327524.90755599865
L4,Qwen/Qwen2.5-1.5B-Instruct,True,prefix_reuse_rate,0.2143,4,219,2048,128,256,81.16524909700092,876,2007095,224256,223611,2762.9558523499477,36403.05740000258,67.65192149396171,53617.57072775238,56270.83974650304
L4,Qwen/Qwen2.5-1.5B-Instruct,True,prefix_reuse_rate,0.4629,2,474,2048,128,256,258.39583891000075,948,2155512,242688,242683,939.210170812883,206202.60833249995,66.38691700209165,228972.29525427753,226297.2523009994
L4,Qwen/Qwen2.5-1.5B-Instruct,True,prefix_reuse_rate,1.0,1,1024,2048,128,256,91.85959519500466,1024,2356635,262144,262134,2853.7465187333573,36810.0292679992,68.00179999845568,59329.47952019922,57755.20817999859
gpu_type,model_name,is_prefix_cached,sweep_type,sweep_value,num_groups,prompts_per_group,system_prompt_len,question_len,output_len,duration,completed,total_input_tokens,total_output_tokens,total_output_tokens_retokenized,output_throughput,median_ttft_ms,median_itl_ms,mean_e2e_latency_ms,median_e2e_latency_ms
L4,Qwen/Qwen2.5-1.5B-Instruct,True,prefix_reuse_rate,0.002,512,1,1024,64,128,81.41824171400003,512,586620,65536,65532,804.9301805142146,2299.18256900055,21.591787999568623,5084.409206500009,5068.263171999206
L4,Qwen/Qwen2.5-1.5B-Instruct,True,prefix_reuse_rate,0.0039,256,2,1024,64,128,65.86574401699909,512,587016,65536,65533,994.9936947965853,601.0998760002622,21.516553999390453,4102.69844506644,4032.2193149995655
L4,Qwen/Qwen2.5-1.5B-Instruct,True,prefix_reuse_rate,0.0078,128,4,1024,64,128,58.11730325500139,512,586887,65536,65402,1127.650395484587,146.09524049956235,21.36163800059876,3617.801808033178,3425.9499955005595
L4,Qwen/Qwen2.5-1.5B-Instruct,True,prefix_reuse_rate,0.0156,64,8,1024,64,128,52.83154273099899,512,586610,65536,65532,1240.4710635403544,132.46535700000095,20.977059000870213,3285.186554669945,3035.9649540005194
L4,Qwen/Qwen2.5-1.5B-Instruct,True,prefix_reuse_rate,0.0312,32,16,1024,64,128,50.30061288300021,512,587878,65536,65532,1302.8867094012844,88.61778099890216,20.526615999187925,3129.808982546866,2979.799207499127
L4,Qwen/Qwen2.5-1.5B-Instruct,True,prefix_reuse_rate,0.0625,16,32,1024,64,128,47.928222611999445,512,585430,65536,65527,1367.3780588640527,88.5729285000707,19.939451000027475,2980.9655818066717,2892.7833324996755
L4,Qwen/Qwen2.5-1.5B-Instruct,True,prefix_reuse_rate,0.125,8,64,1024,64,128,46.636938627001655,512,588969,65536,65473,1405.2380351152863,88.36064450042613,19.58978900074726,2895.10316261914,2831.073451499833
L4,Qwen/Qwen2.5-1.5B-Instruct,True,prefix_reuse_rate,0.25,4,128,1024,64,128,45.946754508000595,512,587378,65536,65402,1426.346663692827,87.05292550075683,19.43669200045406,2858.116938259723,2810.5006080004387
L4,Qwen/Qwen2.5-1.5B-Instruct,True,prefix_reuse_rate,0.5,2,256,1024,64,128,45.112809080999796,512,591842,65536,65399,1452.7137931564066,86.07765300075698,19.27953500126023,2805.332437886701,2796.3090085004296
L4,Qwen/Qwen2.5-1.5B-Instruct,True,prefix_reuse_rate,1.0,1,512,1024,64,128,45.432010619999346,512,588547,65536,65531,1442.5071465173237,84.70673900046677,19.270172000688035,2822.8471166972254,2805.198443500558
gpu_type,model_name,is_prefix_cached,sweep_type,sweep_value,num_groups,prompts_per_group,system_prompt_len,question_len,output_len,duration,completed,total_input_tokens,total_output_tokens,total_output_tokens_retokenized,output_throughput,median_ttft_ms,median_itl_ms,mean_e2e_latency_ms,median_e2e_latency_ms
L4,Qwen/Qwen2.5-1.5B-Instruct,True,prefix_length_ratio,0.0,32,16,0,1088,128,82.91162460799933,512,587096,65536,65421,790.4319847771633,2371.982244000719,21.62605400008033,5177.353354212848,5172.507801999927
L4,Qwen/Qwen2.5-1.5B-Instruct,True,prefix_length_ratio,0.1111,32,16,121,967,128,80.71296193099988,512,586351,65536,65404,811.9637593776523,2259.8935850001,21.529891499994847,5040.271761685584,5026.169053000558
L4,Qwen/Qwen2.5-1.5B-Instruct,True,prefix_length_ratio,0.2222,32,16,242,846,128,76.1147027449988,512,587086,65536,65532,861.0163035065668,1972.7060715003972,21.309525500328164,4753.062628878862,4714.32733399979
L4,Qwen/Qwen2.5-1.5B-Instruct,True,prefix_length_ratio,0.3333,32,16,363,725,128,72.591845293,512,587318,65536,65397,902.8011305605921,1371.4017415004491,21.246679500109167,4529.782861529288,4477.626738499566
L4,Qwen/Qwen2.5-1.5B-Instruct,True,prefix_length_ratio,0.4444,32,16,484,604,128,68.0822106100004,512,585428,65536,65529,962.6009410213481,1149.8923560002368,21.06503600043652,4249.468981296801,4172.209488500812
L4,Qwen/Qwen2.5-1.5B-Instruct,True,prefix_length_ratio,0.5556,32,16,604,484,128,63.95832406500085,512,587989,65536,65528,1024.667249463819,655.3741839998111,20.976611000151024,3988.4564754551234,3875.2900800000134
L4,Qwen/Qwen2.5-1.5B-Instruct,True,prefix_length_ratio,0.6667,32,16,725,363,128,59.39754503599943,512,588196,65536,65277,1103.3452638535853,286.9408619999376,20.751549998749397,3702.447676205068,3546.8524690004415
L4,Qwen/Qwen2.5-1.5B-Instruct,True,prefix_length_ratio,0.7778,32,16,846,242,128,55.69529681700078,512,586435,65536,65470,1176.688225853846,162.5468500005809,20.729434499116905,3465.905146820319,3338.0538435003473
L4,Qwen/Qwen2.5-1.5B-Instruct,True,prefix_length_ratio,0.8889,32,16,967,121,128,52.147753934999855,512,586777,65536,65528,1256.7367730101678,109.25590399983776,20.654717500292463,3240.1561147929847,3088.7781909996193
L4,Qwen/Qwen2.5-1.5B-Instruct,True,prefix_length_ratio,1.0,32,16,1088,0,128,49.10895816899938,512,586624,65536,65504,1334.5019410607329,96.72135950040683,20.527710001260857,3053.6477570352963,2900.219909500265
