gpu_type,model_name,num_servers,enable_prefix_caching,enable_chunked_prefill,benchmark_label,scheduler_strategy,min_output_len,max_output_len,max_concurrency,request_rate,with_warmup,disable_ignore_eos,max_conversations,num_prompts,duration,completed,request_throughput,input_throughput,output_throughput,mean_ttft_ms,median_ttft_ms,std_ttft_ms,p99_ttft_ms,mean_tpot_ms,median_tpot_ms,std_tpot_ms,p99_tpot_ms,mean_itl_ms,median_itl_ms,std_itl_ms,p99_itl_ms,mean_e2e_latency_ms,median_e2e_latency_ms
L4,Qwen/Qwen2.5-1.5B-Instruct,4,True,True,no_overhead,random,10,200,40,100,False,False,10000,1000,64.8597,1000,15.4179,27436.1223,1572.2095,233.7889,201.1517,123.805,738.5341,23.1975,23.1603,6.2079,38.7801,23.9023,11.8053,30.2178,127.7655,2519.7609,2352.987
L4,Qwen/Qwen2.5-1.5B-Instruct,4,True,True,no_overhead,random,10,200,40,100,False,False,10000,1000,64.883,1000,15.4124,27426.272,1571.6451,232.1558,201.9473,118.6838,703.3651,23.015,23.0739,5.6297,39.0555,23.7751,11.4346,30.1082,128.7688,2515.7109,2414.1896
L4,Qwen/Qwen2.5-1.5B-Instruct,4,True,True,no_overhead,random,10,200,40,100,False,False,10000,1000,66.5493,1000,15.0265,26739.538,1532.2922,240.751,207.3056,140.1224,869.8195,23.6903,23.3546,6.3664,41.2762,24.3233,11.9349,30.8584,144.7505,2579.9242,2437.8376
L4,Qwen/Qwen2.5-1.5B-Instruct,4,True,True,no_overhead,random,10,200,40,100,False,False,10000,1000,66.6044,1000,15.014,26717.4304,1531.0253,245.2985,215.6369,127.9441,794.601,24.0216,23.834,6.5189,43.2563,24.454,12.4332,31.2153,148.806,2592.7887,2461.422
L4,Qwen/Qwen2.5-1.5B-Instruct,4,True,True,no_overhead,random,10,200,40,100,False,False,10000,1000,67.9349,1000,14.72,26194.1711,1501.0403,254.5088,220.5104,146.0733,915.8209,24.187,23.7051,7.0383,43.6123,24.8244,12.3816,31.9008,149.6978,2635.3476,2495.7416
L4,Qwen/Qwen2.5-1.5B-Instruct,4,True,True,no_overhead,random,10,200,40,100,False,False,10000,1000,66.0132,1000,15.1485,26956.7143,1544.7374,251.3288,221.4851,140.4294,733.7414,23.429,23.3287,6.0817,40.4579,24.0414,13.9634,30.1463,141.5938,2559.3777,2444.586
L4,Qwen/Qwen2.5-1.5B-Instruct,4,True,True,no_overhead,random,10,200,40,100,False,False,10000,1000,67.9773,1000,14.7108,26177.8301,1500.1039,256.2628,224.0745,154.1421,890.7487,24.6654,23.912,7.4899,50.4298,24.8808,14.0456,31.454,148.9736,2645.9567,2536.1638
L4,Qwen/Qwen2.5-1.5B-Instruct,4,True,True,no_overhead,random,10,200,40,100,False,False,10000,1000,66.6575,1000,15.0021,26696.1445,1529.8056,251.084,220.4979,139.1933,846.2951,24.0564,23.69,6.4077,43.3348,24.3546,13.5981,30.9356,146.0784,2592.6123,2497.2743

L4,Qwen/Qwen2.5-1.5B-Instruct,4,True,True,no_overhead,round_robin,10,200,40,100,False,False,10000,1000,64.0061,1000,15.6235,27801.9968,1593.1757,207.8171,191.6696,108.187,719.3956,22.9229,23.6071,4.9462,31.4868,23.766,13.7235,28.8901,112.2429,2488.5133,2349.2913
L4,Qwen/Qwen2.5-1.5B-Instruct,4,True,True,no_overhead,round_robin,10,200,40,100,False,False,10000,1000,64.2232,1000,15.5707,27708.0062,1587.7897,209.5829,192.0585,109.9135,754.2051,23.0344,23.6057,5.0837,33.2734,23.8835,13.9594,28.7959,113.0051,2497.0134,2359.2289
L4,Qwen/Qwen2.5-1.5B-Instruct,4,True,True,no_overhead,round_robin,10,200,40,100,False,False,10000,1000,64.7795,1000,15.437,27470.0675,1574.1547,209.8883,192.5392,107.8432,681.5312,23.1699,23.8527,4.9153,33.0738,23.9186,13.8709,29.0742,114.8598,2513.8955,2370.0363
L4,Qwen/Qwen2.5-1.5B-Instruct,4,True,True,no_overhead,round_robin,10,200,40,100,False,False,10000,1000,64.8099,1000,15.4297,27457.1967,1573.4172,207.8239,192.4802,109.1176,703.5397,23.2911,23.9565,5.0774,35.5453,24.0908,14.0446,29.3278,116.2724,2515.5827,2399.5777
L4,Qwen/Qwen2.5-1.5B-Instruct,4,True,True,no_overhead,round_robin,10,200,40,100,False,False,10000,1000,65.2948,1000,15.3152,27253.2964,1561.7328,213.2438,195.3877,110.6913,675.9215,23.433,24.1118,5.1063,33.4107,24.1463,15.0168,29.1236,115.2683,2536.6541,2411.7995
L4,Qwen/Qwen2.5-1.5B-Instruct,4,True,True,no_overhead,round_robin,10,200,40,100,False,False,10000,1000,65.1064,1000,15.3595,27332.1496,1566.2514,222.8349,203.3096,109.2072,716.4355,23.2274,23.8667,4.9692,32.2433,23.9983,16.2745,28.345,114.1666,2526.292,2413.9493
L4,Qwen/Qwen2.5-1.5B-Instruct,4,True,True,no_overhead,round_robin,10,200,40,100,False,False,10000,1000,66.3134,1000,15.0799,26834.654,1537.7428,225.8992,205.6937,113.9943,752.9324,23.8093,24.316,5.3204,36.3808,24.5082,16.4328,29.4522,118.7355,2578.4943,2450.9238
L4,Qwen/Qwen2.5-1.5B-Instruct,4,True,True,no_overhead,round_robin,10,200,40,100,False,False,10000,1000,65.7463,1000,15.21,27066.122,1551.0069,219.4961,197.9183,112.4884,741.9493,23.5903,24.1573,5.1463,34.9527,24.3109,15.8116,29.1923,117.772,2556.1284,2406.9811


L4,Qwen/Qwen2.5-1.5B-Instruct,4,True,True,probe_queues,random,10,200,40,100,False,False,10000,1000,65.6657,1000,15.2286,27099.3408,1552.9105,244.9391,219.6338,123.0761,755.3609,23.5533,23.5785,6.161,40.4261,23.9871,13.3239,30.5286,136.7989,2547.9683,2437.9015
L4,Qwen/Qwen2.5-1.5B-Instruct,4,True,True,probe_queues,random,10,200,40,100,False,False,10000,1000,67.1801,1000,14.8854,26488.4882,1517.906,262.1472,229.9484,144.7165,793.2539,24.1921,23.887,7.7832,46.3921,24.4197,13.7391,31.0763,147.131,2609.8009,2487.2596
L4,Qwen/Qwen2.5-1.5B-Instruct,4,True,True,probe_queues,random,10,200,40,100,False,False,10000,1000,66.0872,1000,15.1315,26926.5127,1543.0067,253.0365,225.3623,134.3136,921.0509,23.5733,23.3699,6.8905,43.1976,24.0231,15.1074,29.4636,123.1627,2560.7665,2395.8824
L4,Qwen/Qwen2.5-1.5B-Instruct,4,True,True,probe_queues,random,10,200,40,100,False,False,10000,1000,67.7994,1000,14.7494,26246.5176,1504.04,255.6373,231.4097,121.5295,717.2306,24.3709,23.9667,6.9771,43.7183,24.7343,13.8894,31.2891,147.8678,2634.2598,2450.1785
L4,Qwen/Qwen2.5-1.5B-Instruct,4,True,True,probe_queues,random,10,200,40,100,False,False,10000,1000,67.2484,1000,14.8702,26461.5766,1516.3638,253.7808,225.946,126.1206,761.0441,24.1141,23.7731,6.3799,39.1628,24.5601,14.5241,30.8672,147.6127,2618.2719,2472.22
L4,Qwen/Qwen2.5-1.5B-Instruct,4,True,True,probe_queues,random,10,200,40,100,False,False,10000,1000,67.7912,1000,14.7512,26249.7075,1504.2228,263.726,235.4366,148.2053,987.6244,24.2542,23.6177,7.3372,44.3797,24.5638,15.289,30.6455,145.7166,2623.9605,2519.9834
L4,Qwen/Qwen2.5-1.5B-Instruct,4,True,True,probe_queues,random,10,200,40,100,False,False,10000,1000,67.9864,1000,14.7088,26174.3278,1499.9032,256.3588,229.3616,125.3417,770.9818,24.5382,23.6624,7.2539,50.0498,24.7406,14.5538,31.1422,147.8891,2638.4134,2496.337
L4,Qwen/Qwen2.5-1.5B-Instruct,4,True,True,probe_queues,random,10,200,40,100,False,False,10000,1000,68.0464,1000,14.6959,26151.2387,1498.5801,257.9815,230.1482,134.4729,857.5002,24.3651,24.1846,7.1861,49.0788,24.8017,15.3587,31.0509,148.9549,2636.6924,2513.0237

L4,Qwen/Qwen2.5-1.5B-Instruct,4,True,True,probe_queues,round_robin,10,200,40,100,False,False,10000,1000,65.5595,1000,15.2533,27143.2508,1555.4267,221.4142,201.6271,107.2765,716.082,23.468,24.0333,5.0231,33.8336,24.2485,15.895,28.974,117.0766,2548.9299,2407.9488
L4,Qwen/Qwen2.5-1.5B-Instruct,4,True,True,probe_queues,round_robin,10,200,40,100,False,False,10000,1000,65.5306,1000,15.26,27155.22,1556.1126,227.4084,206.6922,115.2642,781.1755,23.4838,23.9813,5.3946,35.6449,24.1836,16.3823,28.7987,118.0731,2546.5216,2417.6962
L4,Qwen/Qwen2.5-1.5B-Instruct,4,True,True,probe_queues,round_robin,10,200,40,100,False,False,10000,1000,65.7304,1000,15.2137,27072.6773,1551.3825,229.3078,212.314,112.1002,764.1758,23.4034,23.985,5.1805,34.09,24.1257,16.7522,29.0987,115.6922,2549.5247,2438.2016
L4,Qwen/Qwen2.5-1.5B-Instruct,4,True,True,probe_queues,round_robin,10,200,40,100,False,False,10000,1000,64.9166,1000,15.4044,27412.0762,1570.8316,223.6654,205.5596,111.1069,711.4213,23.1858,23.7147,4.9306,33.1152,23.8938,16.9245,28.1861,113.6734,2521.5358,2375.3114
L4,Qwen/Qwen2.5-1.5B-Instruct,4,True,True,probe_queues,round_robin,10,200,40,100,False,False,10000,1000,65.4204,1000,15.2858,27200.9659,1558.734,224.4325,205.0075,110.1909,751.0971,23.2542,24.0427,5.0397,33.0019,24.0384,15.84,28.7082,115.7644,2538.6711,2416.9327
L4,Qwen/Qwen2.5-1.5B-Instruct,4,True,True,probe_queues,round_robin,10,200,40,100,False,False,10000,1000,64.7289,1000,15.4491,27491.5567,1575.3862,221.303,201.9648,106.2174,704.3353,23.131,23.8515,4.9424,32.6618,23.8032,16.394,28.231,113.5709,2515.8918,2365.0632
L4,Qwen/Qwen2.5-1.5B-Instruct,4,True,True,probe_queues,round_robin,10,200,40,100,False,False,10000,1000,65.4535,1000,15.278,27187.2008,1557.9452,230.1549,210.9882,114.8048,768.2545,23.2942,23.9467,5.1461,34.0676,24.0395,16.9679,28.2669,114.88,2539.2279,2399.5322
L4,Qwen/Qwen2.5-1.5B-Instruct,4,True,True,probe_queues,round_robin,10,200,40,100,False,False,10000,1000,64.3099,1000,15.5497,27670.6626,1585.6497,227.6118,208.4844,108.1983,706.0871,22.8689,23.5456,4.8674,31.8292,23.6167,17.1459,27.6845,109.9331,2497.2702,2351.372

L4,Qwen/Qwen2.5-1.5B-Instruct,4,True,True,probe_queues,pow_of_2,10,200,40,100,False,False,10000,1000,63.7422,1000,15.6882,27917.1046,1599.7719,248.1826,220.3148,116.8415,695.3692,22.4923,22.9266,4.945,32.0959,23.218,13.627,28.9216,116.5656,2478.7915,2346.7825
L4,Qwen/Qwen2.5-1.5B-Instruct,4,True,True,probe_queues,pow_of_2,10,200,40,100,False,False,10000,1000,64.8555,1000,15.4189,27437.8971,1572.3112,240.9403,216.6965,121.7027,703.3917,23.0666,23.2983,5.0768,34.3203,23.6263,11.7849,30.1369,136.7725,2520.2783,2430.6885
L4,Qwen/Qwen2.5-1.5B-Instruct,4,True,True,probe_queues,pow_of_2,10,200,40,100,False,False,10000,1000,65.4247,1000,15.2848,27199.1901,1558.6323,255.0653,232.2447,120.6165,732.8048,23.1022,23.445,5.0413,34.962,23.6895,13.7982,30.0203,136.9176,2533.257,2443.479
L4,Qwen/Qwen2.5-1.5B-Instruct,4,True,True,probe_queues,pow_of_2,10,200,40,100,False,False,10000,1000,65.723,1000,15.2154,27075.7466,1551.5584,263.8753,241.4054,119.693,735.9286,23.2414,23.5659,5.0365,34.6995,23.8656,14.2494,30.0071,138.9968,2555.9217,2464.6869
L4,Qwen/Qwen2.5-1.5B-Instruct,4,True,True,probe_queues,pow_of_2,10,200,40,100,False,False,10000,1000,65.1845,1000,15.3411,27299.4017,1564.3748,262.5991,235.0767,120.6628,699.9665,23.005,23.4934,5.1452,34.633,23.6118,14.5771,29.044,124.5288,2529.3252,2396.6604


L4,Qwen/Qwen2.5-1.5B-Instruct,4,True,True,probe_queues_and_hardcode_tree,random,10,200,40,100,False,False,10000,1000,65.5107,1000,15.2647,27163.48,1556.5859,241.5924,208.8712,156.1069,979.8966,23.6406,23.5238,7.0755,46.2776,24.0419,12.5035,30.4253,125.5394,2543.76,2406.3345
L4,Qwen/Qwen2.5-1.5B-Instruct,4,True,True,probe_queues_and_hardcode_tree,random,10,200,40,100,False,False,10000,1000,66.0548,1000,15.1389,26939.7301,1543.7641,243.4699,217.2978,123.3992,714.1236,23.5218,23.6081,6.0463,38.4209,24.2054,13.7504,30.282,138.5618,2569.5565,2449.8841
L4,Qwen/Qwen2.5-1.5B-Instruct,4,True,True,probe_queues_and_hardcode_tree,random,10,200,40,100,False,False,10000,1000,66.8519,1000,14.9584,26618.4971,1525.356,255.3399,226.3491,134.203,764.4592,23.9446,23.7572,7.1268,43.4398,24.329,13.7854,30.666,145.9552,2591.4981,2437.0081
L4,Qwen/Qwen2.5-1.5B-Instruct,4,True,True,probe_queues_and_hardcode_tree,random,10,200,40,100,False,False,10000,1000,66.7791,1000,14.9747,26647.5329,1527.0199,247.2341,217.0622,133.08,764.8682,23.9497,23.3559,7.7544,43.0681,24.4115,14.2426,30.4855,142.1699,2588.4233,2464.9514
L4,Qwen/Qwen2.5-1.5B-Instruct,4,True,True,probe_queues_and_hardcode_tree,random,10,200,40,100,False,False,10000,1000,67.1177,1000,14.8992,26513.1112,1519.317,251.3019,225.0127,124.6477,763.4,24.0484,23.7236,6.6798,43.9684,24.5388,13.254,31.1779,147.8491,2608.2444,2481.2174

L4,Qwen/Qwen2.5-1.5B-Instruct,4,True,True,probe_queues_and_hardcode_tree,round_robin,10,200,40,100,False,False,10000,1000,64.3034,1000,15.5513,27673.4477,1585.8093,210.0324,195.6747,102.6619,693.4736,22.9958,23.6573,4.8896,32.1918,23.8018,14.7438,28.9708,112.5812,2494.3518,2382.4652
L4,Qwen/Qwen2.5-1.5B-Instruct,4,True,True,probe_queues_and_hardcode_tree,round_robin,10,200,40,100,False,False,10000,1000,64.6943,1000,15.4573,27506.248,1576.228,214.9651,193.8531,110.9154,730.3366,23.1614,23.7072,5.1348,34.1118,23.9911,15.0026,28.7732,114.2259,2515.9639,2414.9643
L4,Qwen/Qwen2.5-1.5B-Instruct,4,True,True,probe_queues_and_hardcode_tree,round_robin,10,200,40,100,False,False,10000,1000,66.2305,1000,15.0988,26868.2394,1539.6674,219.1563,198.3647,108.2575,715.4015,23.5677,24.0921,5.0775,36.2862,24.3155,16.5379,29.5119,116.2965,2558.7197,2415.5654
L4,Qwen/Qwen2.5-1.5B-Instruct,4,True,True,probe_queues_and_hardcode_tree,round_robin,10,200,40,100,False,False,10000,1000,64.7148,1000,15.4524,27497.5508,1575.7296,215.9163,195.4914,107.3005,714.641,23.1524,23.779,4.9298,32.939,23.8971,14.9325,28.8817,113.0711,2513.8429,2369.2082
L4,Qwen/Qwen2.5-1.5B-Instruct,4,True,True,probe_queues_and_hardcode_tree,round_robin,10,200,40,100,False,False,10000,1000,65.6266,1000,15.2377,27115.5051,1553.8368,223.0682,203.9171,112.0728,786.3509,23.4136,24.0206,5.3087,34.5933,24.2683,15.769,29.2964,118.5271,2549.6297,2450.3092

L4,Qwen/Qwen2.5-1.5B-Instruct,4,True,True,probe_queues_and_hardcode_tree,pow_of_2,10,200,40,100,False,False,10000,1000,65.039,1000,15.3754,27360.4716,1567.8744,246.195,220.0354,118.9158,722.5315,23.0151,23.3471,5.336,34.6808,23.6955,13.0026,29.8261,134.0594,2522.5205,2453.1747
L4,Qwen/Qwen2.5-1.5B-Instruct,4,True,True,probe_queues_and_hardcode_tree,pow_of_2,10,200,40,100,False,False,10000,1000,65.5259,1000,15.2611,27157.1838,1556.2251,260.0267,236.5437,118.8351,730.6017,23.0712,23.6169,5.0164,33.1821,23.844,13.2152,30.1595,140.3469,2543.7864,2406.3991
L4,Qwen/Qwen2.5-1.5B-Instruct,4,True,True,probe_queues_and_hardcode_tree,pow_of_2,10,200,40,100,False,False,10000,1000,66.2572,1000,15.0927,26857.4433,1539.0487,259.3172,234.7769,122.4081,741.0562,23.4491,23.8575,5.4845,38.046,24.0046,13.4932,30.5025,146.4406,2569.951,2430.7405
L4,Qwen/Qwen2.5-1.5B-Instruct,4,True,True,probe_queues_and_hardcode_tree,pow_of_2,10,200,40,100,False,False,10000,1000,65.4152,1000,15.287,27203.1437,1558.8588,250.453,230.1419,117.5945,702.8644,23.1771,23.512,5.1522,35.1423,23.7677,13.5936,29.7886,138.9826,2539.6064,2396.5394
L4,Qwen/Qwen2.5-1.5B-Instruct,4,True,True,probe_queues_and_hardcode_tree,pow_of_2,10,200,40,100,False,False,10000,1000,65.6532,1000,15.2316,27104.5263,1553.2076,254.2571,228.3668,124.8432,735.2896,23.1058,23.5124,5.1644,34.7693,23.7899,13.8441,30.2048,143.0593,2542.9744,2458.5261

L4,Qwen/Qwen2.5-1.5B-Instruct,4,True,True,probe_queues_and_hardcode_tree,prefix_aware,10,200,40,100,False,False,10000,1000,57.6276,1000,17.3528,30879.2847,1769.5177,245.7811,227.536,109.4963,696.4342,20.1063,19.7536,4.5828,32.4593,20.5166,18.5008,24.2304,105.9969,2224.7681,2094.1539
L4,Qwen/Qwen2.5-1.5B-Instruct,4,True,True,probe_queues_and_hardcode_tree,prefix_aware,10,200,40,100,False,False,10000,1000,57.3285,1000,17.4433,31040.3996,1778.7503,241.8899,231.0768,106.0102,717.4145,20.0922,19.6036,4.8038,33.5012,20.5128,18.586,24.5823,105.9285,2217.9486,2098.8916
L4,Qwen/Qwen2.5-1.5B-Instruct,4,True,True,probe_queues_and_hardcode_tree,prefix_aware,10,200,40,100,False,False,10000,1000,57.7539,1000,17.3148,30811.7174,1765.6459,244.5416,226.5206,110.5793,712.4681,20.2636,19.8591,4.9432,33.3689,20.5527,18.0328,24.5946,107.0564,2229.9047,2129.139
L4,Qwen/Qwen2.5-1.5B-Instruct,4,True,True,probe_queues_and_hardcode_tree,prefix_aware,10,200,40,100,False,False,10000,1000,58.2901,1000,17.1556,30528.2986,1749.4047,252.8966,236.974,108.1751,705.156,20.2361,19.9102,4.5398,31.2731,20.5713,19.0458,24.3368,105.8099,2246.7157,2143.712
L4,Qwen/Qwen2.5-1.5B-Instruct,4,True,True,probe_queues_and_hardcode_tree,prefix_aware,10,200,40,100,False,False,10000,1000,58.0442,1000,17.2283,30657.6587,1756.8176,250.6646,234.264,111.6791,732.0876,20.1717,19.86,4.6143,30.2289,20.6421,18.7831,24.6798,108.7784,2244.9909,2158.39


L4,Qwen/Qwen2.5-1.5B-Instruct,4,True,True,probe_queues_and_hardcode_tree_and_query_metrics,random,10,200,40,100,False,False,10000,1000,66.7898,1000,14.9723,26643.2413,1526.774,257.4439,233.0861,137.2569,861.97,23.7158,23.3893,6.2378,41.8303,24.262,15.1261,30.0985,132.4565,2593.5612,2414.7234
L4,Qwen/Qwen2.5-1.5B-Instruct,4,True,True,probe_queues_and_hardcode_tree_and_query_metrics,random,10,200,40,100,False,False,10000,1000,68.8506,1000,14.5242,25845.789,1481.0765,272.9925,248.7758,131.6538,759.9591,24.3577,24.0188,6.2542,40.6149,24.9979,16.9438,30.1903,123.7646,2677.1917,2534.117
L4,Qwen/Qwen2.5-1.5B-Instruct,4,True,True,probe_queues_and_hardcode_tree_and_query_metrics,random,10,200,40,100,False,False,10000,1000,69.0791,1000,14.4762,25760.2956,1476.1773,247.5008,217.6299,127.49,714.7437,24.7132,24.8941,6.5715,43.4449,25.3445,15.9739,30.7493,136.8614,2680.4171,2465.2967
L4,Qwen/Qwen2.5-1.5B-Instruct,4,True,True,probe_queues_and_hardcode_tree_and_query_metrics,random,10,200,40,100,False,False,10000,1000,69.3928,1000,14.4107,25643.8554,1469.5048,271.7392,239.7599,137.7041,830.0884,24.8034,24.3736,7.4397,50.4899,25.2814,15.9754,31.2245,140.0831,2695.462,2559.4301
L4,Qwen/Qwen2.5-1.5B-Instruct,4,True,True,probe_queues_and_hardcode_tree_and_query_metrics,random,10,200,40,100,False,False,10000,1000,69.0073,1000,14.4912,25787.0898,1477.7128,269.8286,243.5019,135.4545,835.7639,24.5716,23.6702,7.2704,44.9977,25.1743,16.1413,30.9126,141.24,2689.8222,2540.6311
L4,Qwen/Qwen2.5-1.5B-Instruct,4,True,True,probe_queues_and_hardcode_tree_and_query_metrics,random,10,200,40,100,False,False,10000,1000,68.7375,1000,14.5481,25888.33,1483.5143,235.9181,200.4289,127.4737,773.5747,24.7013,24.4624,6.9042,42.7911,25.2704,13.1131,31.3464,142.3004,2666.5169,2562.734
L4,Qwen/Qwen2.5-1.5B-Instruct,4,True,True,probe_queues_and_hardcode_tree_and_query_metrics,random,10,200,40,100,False,False,10000,1000,68.2952,1000,14.6423,26055.9793,1493.1213,270.1794,241.8273,132.6718,814.3236,24.4298,24.1719,6.8318,46.4324,24.8417,15.9467,30.2972,120.3476,2656.0989,2557.9739
L4,Qwen/Qwen2.5-1.5B-Instruct,4,True,True,probe_queues_and_hardcode_tree_and_query_metrics,random,10,200,40,100,False,False,10000,1000,69.646,1000,14.3583,25550.6141,1464.1617,275.105,246.3208,152.4333,960.8558,24.8353,24.5715,7.4158,48.7995,25.2868,15.9516,30.7528,140.9831,2701.1988,2581.8747

L4,Qwen/Qwen2.5-1.5B-Instruct,4,True,True,probe_queues_and_hardcode_tree_and_query_metrics,round_robin,10,200,40,100,False,False,10000,1000,65.726,1000,15.2147,27074.4889,1551.4863,205.04,191.3503,104.8578,712.2999,23.5927,24.1132,5.1754,34.2701,24.5121,14.3758,29.2004,110.1102,2554.6349,2414.3783
L4,Qwen/Qwen2.5-1.5B-Instruct,4,True,True,probe_queues_and_hardcode_tree_and_query_metrics,round_robin,10,200,40,100,False,False,10000,1000,66.7681,1000,14.9772,26651.9304,1527.2719,243.0764,227.0154,102.9766,688.1645,23.72,24.1384,5.2557,38.0796,24.4486,17.505,28.3757,112.567,2595.6246,2503.9338
L4,Qwen/Qwen2.5-1.5B-Instruct,4,True,True,probe_queues_and_hardcode_tree_and_query_metrics,round_robin,10,200,40,100,False,False,10000,1000,67.3176,1000,14.855,26434.3576,1514.804,253.4382,235.0813,109.8654,730.5679,23.8726,24.3962,5.2688,35.9764,24.5796,17.9828,28.6679,112.2647,2614.4806,2486.0403
L4,Qwen/Qwen2.5-1.5B-Instruct,4,True,True,probe_queues_and_hardcode_tree_and_query_metrics,round_robin,10,200,40,100,False,False,10000,1000,67.8599,1000,14.7362,26223.104,1502.6983,256.2922,237.2206,111.0104,718.1983,24.0352,24.5053,5.389,35.8721,24.6764,19.0223,28.2501,112.7961,2633.1837,2538.5504
L4,Qwen/Qwen2.5-1.5B-Instruct,4,True,True,probe_queues_and_hardcode_tree_and_query_metrics,round_robin,10,200,40,100,False,False,10000,1000,67.8481,1000,14.7388,26227.6713,1502.96,253.2859,231.7652,135.8153,924.3281,24.0436,24.3893,5.3005,38.1134,24.699,17.855,29.094,116.2322,2634.9314,2515.4829

L4,Qwen/Qwen2.5-1.5B-Instruct,4,True,True,probe_queues_and_hardcode_tree_and_query_metrics,pow_of_2,10,200,40,100,False,False,10000,1000,66.0348,1000,15.1435,26947.8888,1544.2316,238.0449,213.5285,115.0519,731.6878,23.5473,23.9492,5.2928,37.7345,24.2362,12.7531,30.2636,120.4869,2566.177,2465.7487
L4,Qwen/Qwen2.5-1.5B-Instruct,4,True,True,probe_queues_and_hardcode_tree_and_query_metrics,pow_of_2,10,200,40,100,False,False,10000,1000,66.8973,1000,14.9483,26600.4315,1524.3208,318.4979,283.9466,156.4263,903.4309,23.001,23.3346,5.1689,36.6139,23.6203,15.2262,29.5008,129.5276,2589.3479,2500.0875
L4,Qwen/Qwen2.5-1.5B-Instruct,4,True,True,probe_queues_and_hardcode_tree_and_query_metrics,pow_of_2,10,200,40,100,False,False,10000,1000,68.3815,1000,14.6238,26023.1069,1491.2376,354.9952,314.3388,193.7329,1057.0834,23.4374,23.6222,5.662,42.5851,23.8909,16.8409,29.6135,134.6365,2651.7267,2503.3016
L4,Qwen/Qwen2.5-1.5B-Instruct,4,True,True,probe_queues_and_hardcode_tree_and_query_metrics,pow_of_2,10,200,40,100,False,False,10000,1000,68.9998,1000,14.4928,25789.9002,1477.8738,327.2921,298.7679,141.3177,809.7872,23.7866,23.9528,5.538,39.5429,24.3321,16.9029,30.0274,136.1012,2667.4783,2512.4738
L4,Qwen/Qwen2.5-1.5B-Instruct,4,True,True,probe_queues_and_hardcode_tree_and_query_metrics,pow_of_2,10,200,40,100,False,False,10000,1000,68.4096,1000,14.6178,26012.4199,1490.6252,322.8456,287.1432,185.0653,978.6649,23.6891,23.8617,5.936,41.3466,24.2175,15.7968,30.3102,137.4597,2647.3391,2502.1272

L4,Qwen/Qwen2.5-1.5B-Instruct,4,True,True,probe_queues_and_hardcode_tree_and_query_metrics,prefix_aware,10,200,40,100,False,False,10000,1000,58.906,1000,16.9762,30209.1011,1731.1133,226.8443,205.5598,111.0467,671.7076,20.8399,20.4556,5.0561,34.9664,21.3055,18.2119,24.9001,103.8311,2274.5057,2156.6958
L4,Qwen/Qwen2.5-1.5B-Instruct,4,True,True,probe_queues_and_hardcode_tree_and_query_metrics,prefix_aware,10,200,40,100,False,False,10000,1000,60.9147,1000,16.4164,29212.9355,1674.0287,304.744,278.3841,127.0876,779.5813,20.8009,20.5879,4.6905,33.0367,21.2374,19.8735,24.5945,109.5269,2351.3478,2285.2181
L4,Qwen/Qwen2.5-1.5B-Instruct,4,True,True,probe_queues_and_hardcode_tree_and_query_metrics,prefix_aware,10,200,40,100,False,False,10000,1000,61.6783,1000,16.2132,28851.2756,1653.304,315.3004,282.3396,143.2826,810.6314,20.942,20.6239,5.4581,35.5432,21.2895,19.7448,25.4193,108.595,2367.6589,2268.1993
L4,Qwen/Qwen2.5-1.5B-Instruct,4,True,True,probe_queues_and_hardcode_tree_and_query_metrics,prefix_aware,10,200,40,100,False,False,10000,1000,60.4928,1000,16.5309,29416.7118,1685.7059,297.1165,267.6741,125.106,761.0326,20.8291,20.5101,5.341,34.8314,21.0798,20.2075,24.4052,104.3867,2334.611,2220.0016
L4,Qwen/Qwen2.5-1.5B-Instruct,4,True,True,probe_queues_and_hardcode_tree_and_query_metrics,prefix_aware,10,200,40,100,False,False,10000,1000,60.8342,1000,16.4381,29251.6094,1676.2449,289.7362,258.979,139.9291,899.1732,20.9828,20.602,5.1046,34.2888,21.339,19.7717,25.1088,109.3395,2351.4159,2218.3711
